{".env":[".env"],"assets/icons/Documents.svg":["assets/icons/Documents.svg"],"assets/icons/Figma_file.svg":["assets/icons/Figma_file.svg"],"assets/icons/Search.svg":["assets/icons/Search.svg"],"assets/icons/doc_file.svg":["assets/icons/doc_file.svg"],"assets/icons/drop_box.svg":["assets/icons/drop_box.svg"],"assets/icons/excel_file.svg":["assets/icons/excel_file.svg"],"assets/icons/folder.svg":["assets/icons/folder.svg"],"assets/icons/google_drive.svg":["assets/icons/google_drive.svg"],"assets/icons/logo.svg":["assets/icons/logo.svg"],"assets/icons/media.svg":["assets/icons/media.svg"],"assets/icons/media_file.svg":["assets/icons/media_file.svg"],"assets/icons/menu_dashboard.svg":["assets/icons/menu_dashboard.svg"],"assets/icons/menu_doc.svg":["assets/icons/menu_doc.svg"],"assets/icons/menu_notification.svg":["assets/icons/menu_notification.svg"],"assets/icons/menu_profile.svg":["assets/icons/menu_profile.svg"],"assets/icons/menu_setting.svg":["assets/icons/menu_setting.svg"],"assets/icons/menu_store.svg":["assets/icons/menu_store.svg"],"assets/icons/menu_task.svg":["assets/icons/menu_task.svg"],"assets/icons/menu_tran.svg":["assets/icons/menu_tran.svg"],"assets/icons/one_drive.svg":["assets/icons/one_drive.svg"],"assets/icons/pdf_file.svg":["assets/icons/pdf_file.svg"],"assets/icons/server.svg":["assets/icons/server.svg"],"assets/icons/sound_file.svg":["assets/icons/sound_file.svg"],"assets/icons/ubuntu.svg":["assets/icons/ubuntu.svg"],"assets/icons/unknown.svg":["assets/icons/unknown.svg"],"assets/icons/windows.svg":["assets/icons/windows.svg"],"assets/icons/xd_file.svg":["assets/icons/xd_file.svg"],"assets/images/1.png":["assets/images/1.png"],"assets/images/Logo-horizontal.png":["assets/images/Logo-horizontal.png"],"assets/images/Logo-vertical.png":["assets/images/Logo-vertical.png"],"assets/images/icon.png":["assets/images/icon.png"],"assets/images/log.png":["assets/images/log.png"],"assets/images/server.png":["assets/images/server.png"],"assets/images/ubuntu.png":["assets/images/ubuntu.png"],"assets/images/verde.jpg":["assets/images/verde.jpg"],"assets/images/windows.png":["assets/images/windows.png"],"packages/font_awesome_flutter/lib/fonts/fa-brands-400.ttf":["packages/font_awesome_flutter/lib/fonts/fa-brands-400.ttf"],"packages/font_awesome_flutter/lib/fonts/fa-regular-400.ttf":["packages/font_awesome_flutter/lib/fonts/fa-regular-400.ttf"],"packages/font_awesome_flutter/lib/fonts/fa-solid-900.ttf":["packages/font_awesome_flutter/lib/fonts/fa-solid-900.ttf"]}